# ************************************************************
# Sequel Pro SQL dump
# Version 4096
#
# http://www.sequelpro.com/
# http://code.google.com/p/sequel-pro/
#
# Host: 127.0.0.1 (MySQL 5.5.20)
# Database: falcon
# Generation Time: 2013-05-12 13:21:23 +0000
# ************************************************************


/*!40101 SET @OLD_CHARACTER_SET_CLIENT=@@CHARACTER_SET_CLIENT */;
/*!40101 SET @OLD_CHARACTER_SET_RESULTS=@@CHARACTER_SET_RESULTS */;
/*!40101 SET @OLD_COLLATION_CONNECTION=@@COLLATION_CONNECTION */;
/*!40101 SET NAMES utf8 */;
/*!40014 SET @OLD_FOREIGN_KEY_CHECKS=@@FOREIGN_KEY_CHECKS, FOREIGN_KEY_CHECKS=0 */;
/*!40101 SET @OLD_SQL_MODE=@@SQL_MODE, SQL_MODE='NO_AUTO_VALUE_ON_ZERO' */;
/*!40111 SET @OLD_SQL_NOTES=@@SQL_NOTES, SQL_NOTES=0 */;


# Dump of table falcon_appointment
# ------------------------------------------------------------

LOCK TABLES `falcon_appointment` WRITE;
/*!40000 ALTER TABLE `falcon_appointment` DISABLE KEYS */;

INSERT INTO `falcon_appointment` (`id`, `service`, `appointment_date`, `create_date`, `update_date`, `create_by`, `update_by`, `location`, `staff`, `appointment_date_end`)
VALUES
	(38,1,'2013-04-01 02:10:00',NULL,NULL,NULL,NULL,5,1,'2013-04-01 03:00:00'),
	(39,1,'2013-04-01 02:12:00',NULL,NULL,NULL,NULL,5,1,'2013-04-01 03:12:00'),
	(40,1,'2013-05-01 00:28:00',NULL,NULL,NULL,NULL,5,4,'2013-05-01 09:28:00'),
	(41,1,'2013-05-08 00:15:00',NULL,NULL,NULL,NULL,5,4,'2013-05-08 00:15:00'),
	(42,1,'2013-05-08 00:16:00',NULL,NULL,NULL,NULL,5,1,'2013-05-08 00:16:00'),
	(43,1,'2013-05-11 00:03:00',NULL,NULL,NULL,NULL,5,1,'2013-05-11 00:03:00');

/*!40000 ALTER TABLE `falcon_appointment` ENABLE KEYS */;
UNLOCK TABLES;


# Dump of table falcon_appointment_patron
# ------------------------------------------------------------

LOCK TABLES `falcon_appointment_patron` WRITE;
/*!40000 ALTER TABLE `falcon_appointment_patron` DISABLE KEYS */;

INSERT INTO `falcon_appointment_patron` (`id`, `appointment`, `patron`)
VALUES
	(32,38,7),
	(33,38,8),
	(34,39,9),
	(35,40,8),
	(36,41,9),
	(37,41,8),
	(38,41,7),
	(39,42,7),
	(40,42,9),
	(41,42,8),
	(42,43,7);

/*!40000 ALTER TABLE `falcon_appointment_patron` ENABLE KEYS */;
UNLOCK TABLES;


# Dump of table falcon_location
# ------------------------------------------------------------

LOCK TABLES `falcon_location` WRITE;
/*!40000 ALTER TABLE `falcon_location` DISABLE KEYS */;

INSERT INTO `falcon_location` (`id`, `name`, `admin`)
VALUES
	(5,'Panic Room',X'7469746977616E677361');

/*!40000 ALTER TABLE `falcon_location` ENABLE KEYS */;
UNLOCK TABLES;


# Dump of table falcon_message_log
# ------------------------------------------------------------

LOCK TABLES `falcon_message_log` WRITE;
/*!40000 ALTER TABLE `falcon_message_log` DISABLE KEYS */;

INSERT INTO `falcon_message_log` (`id`, `sender`, `destination`, `message_type`, `message`, `sent_time`, `error_message`)
VALUES
	(1,X'696E62616E',X'546974692057616E6773612062696E2044616D686F7265203C746974692E77616E6773612E64616D686F726540746162756B2D746563682E636F6D3E',X'6D61696C',X'746573742061626320313233','2013-02-18 21:41:28',X'6F72672E737072696E676672616D65776F726B2E6D61696C2E4D61696C53656E64457863657074696F6E3A204D61696C2073657276657220636F6E6E656374696F6E206661696C65643B206E657374656420657863657074696F6E206973206A617661782E6D61696C2E4D6573736167696E67457863657074696F6E3A20436F756C64206E6F7420636F6E6E65637420746F20534D545020686F73743A20656D61696C2D736D74702E75732D656173742D312E616D617A6F6E6177732E636F6D2C20706F72743A203538373B0A20206E657374656420657863657074696F6E2069733A0A096A617661782E6E65742E73736C2E53534C457863657074696F6E3A20556E7265636F676E697A65642053534C206D6573736167652C20706C61696E7465787420636F6E6E656374696F6E3F2E204661696C6564206D657373616765733A206A617661782E6D61696C2E4D6573736167696E67457863657074696F6E3A20436F756C64206E6F7420636F6E6E65637420746F20534D545020686F73743A20656D61696C2D736D74702E75732D656173742D312E616D617A6F6E6177732E636F6D2C20706F72743A203538373B0A20206E657374656420657863657074696F6E2069733A0A096A617661782E6E65742E73736C2E53534C457863657074696F6E3A20556E7265636F676E697A65642053534C206D6573736167652C20706C61696E7465787420636F6E6E656374696F6E3F3B206D65737361676520657863657074696F6E7320283129206172653A0A4661696C6564206D65737361676520313A206A617661782E6D61696C2E4D6573736167696E67457863657074696F6E3A20436F756C64206E6F7420636F6E6E65637420746F20534D545020686F73743A20656D61696C2D736D74702E75732D656173742D312E616D617A6F6E6177732E636F6D2C20706F72743A203538373B0A20206E657374656420657863657074696F6E2069733A0A096A617661782E6E65742E73736C2E53534C457863657074696F6E3A20556E7265636F676E697A65642053534C206D6573736167652C20706C61696E7465787420636F6E6E656374696F6E3F'),
	(2,X'696E62616E',X'546974692057616E6773612062696E2044616D686F7265203C746974692E77616E6773612E64616D686F726540746162756B2D746563682E636F6D3E',X'6D61696C',X'616162626363','2013-02-18 21:46:54',X'6F72672E737072696E676672616D65776F726B2E6D61696C2E4D61696C53656E64457863657074696F6E3A204D61696C2073657276657220636F6E6E656374696F6E206661696C65643B206E657374656420657863657074696F6E206973206A617661782E6D61696C2E4D6573736167696E67457863657074696F6E3A20436F756C64206E6F7420636F6E6E65637420746F20534D545020686F73743A20656D61696C2D736D74702E75732D656173742D312E616D617A6F6E6177732E636F6D2C20706F72743A203538373B0A20206E657374656420657863657074696F6E2069733A0A096A617661782E6E65742E73736C2E53534C457863657074696F6E3A20556E7265636F676E697A65642053534C206D6573736167652C20706C61696E7465787420636F6E6E656374696F6E3F2E204661696C6564206D657373616765733A206A617661782E6D61696C2E4D6573736167696E67457863657074696F6E3A20436F756C64206E6F7420636F6E6E65637420746F20534D545020686F73743A20656D61696C2D736D74702E75732D656173742D312E616D617A6F6E6177732E636F6D2C20706F72743A203538373B0A20206E657374656420657863657074696F6E2069733A0A096A617661782E6E65742E73736C2E53534C457863657074696F6E3A20556E7265636F676E697A65642053534C206D6573736167652C20706C61696E7465787420636F6E6E656374696F6E3F3B206D65737361676520657863657074696F6E7320283129206172653A0A4661696C6564206D65737361676520313A206A617661782E6D61696C2E4D6573736167696E67457863657074696F6E3A20436F756C64206E6F7420636F6E6E65637420746F20534D545020686F73743A20656D61696C2D736D74702E75732D656173742D312E616D617A6F6E6177732E636F6D2C20706F72743A203538373B0A20206E657374656420657863657074696F6E2069733A0A096A617661782E6E65742E73736C2E53534C457863657074696F6E3A20556E7265636F676E697A65642053534C206D6573736167652C20706C61696E7465787420636F6E6E656374696F6E3F'),
	(3,X'696E62616E',X'546974692057616E6773612062696E2044616D686F7265203C746974692E77616E6773612E64616D686F726540746162756B2D746563682E636F6D3E',X'6D61696C',X'616162626363','2013-02-18 21:48:28',X'6F72672E737072696E676672616D65776F726B2E6D61696C2E4D61696C53656E64457863657074696F6E3A204D61696C2073657276657220636F6E6E656374696F6E206661696C65643B206E657374656420657863657074696F6E206973206A617661782E6D61696C2E4D6573736167696E67457863657074696F6E3A20436F756C64206E6F7420636F6E6E65637420746F20534D545020686F73743A20656D61696C2D736D74702E75732D656173742D312E616D617A6F6E6177732E636F6D2C20706F72743A203538373B0A20206E657374656420657863657074696F6E2069733A0A096A617661782E6E65742E73736C2E53534C457863657074696F6E3A20556E7265636F676E697A65642053534C206D6573736167652C20706C61696E7465787420636F6E6E656374696F6E3F2E204661696C6564206D657373616765733A206A617661782E6D61696C2E4D6573736167696E67457863657074696F6E3A20436F756C64206E6F7420636F6E6E65637420746F20534D545020686F73743A20656D61696C2D736D74702E75732D656173742D312E616D617A6F6E6177732E636F6D2C20706F72743A203538373B0A20206E657374656420657863657074696F6E2069733A0A096A617661782E6E65742E73736C2E53534C457863657074696F6E3A20556E7265636F676E697A65642053534C206D6573736167652C20706C61696E7465787420636F6E6E656374696F6E3F3B206D65737361676520657863657074696F6E7320283129206172653A0A4661696C6564206D65737361676520313A206A617661782E6D61696C2E4D6573736167696E67457863657074696F6E3A20436F756C64206E6F7420636F6E6E65637420746F20534D545020686F73743A20656D61696C2D736D74702E75732D656173742D312E616D617A6F6E6177732E636F6D2C20706F72743A203538373B0A20206E657374656420657863657074696F6E2069733A0A096A617661782E6E65742E73736C2E53534C457863657074696F6E3A20556E7265636F676E697A65642053534C206D6573736167652C20706C61696E7465787420636F6E6E656374696F6E3F'),
	(4,X'696E62616E',X'546974692057616E6773612062696E2044616D686F7265203C746974692E77616E6773612E64616D686F726540746162756B2D746563682E636F6D3E',X'6D61696C',X'6161206262206363','2013-02-18 21:50:15',X'6F72672E737072696E676672616D65776F726B2E6D61696C2E4D61696C53656E64457863657074696F6E3A204661696C6564206D657373616765733A20636F6D2E73756E2E6D61696C2E736D74702E534D545053656E644661696C6564457863657074696F6E3A20353534205472616E73616374696F6E206661696C65643A204D697373696E672066696E616C202740646F6D61696E270A3B206D65737361676520657863657074696F6E7320283129206172653A0A4661696C6564206D65737361676520313A20636F6D2E73756E2E6D61696C2E736D74702E534D545053656E644661696C6564457863657074696F6E3A20353534205472616E73616374696F6E206661696C65643A204D697373696E672066696E616C202740646F6D61696E270A'),
	(5,X'696E62616E',X'22546974692057616E6773612062696E2044616D686F726522203C746974692E77616E6773612E64616D686F726540746162756B2D746563682E636F6D3E',X'6D61696C',X'6161206262206363','2013-02-18 21:54:44',X'6F72672E737072696E676672616D65776F726B2E6D61696C2E4D61696C53656E64457863657074696F6E3A204661696C6564206D657373616765733A20636F6D2E73756E2E6D61696C2E736D74702E534D545053656E644661696C6564457863657074696F6E3A20353534205472616E73616374696F6E206661696C65643A204D697373696E672066696E616C202740646F6D61696E270A3B206D65737361676520657863657074696F6E7320283129206172653A0A4661696C6564206D65737361676520313A20636F6D2E73756E2E6D61696C2E736D74702E534D545053656E644661696C6564457863657074696F6E3A20353534205472616E73616374696F6E206661696C65643A204D697373696E672066696E616C202740646F6D61696E270A'),
	(6,X'696E62616E',X'22546974692057616E6773612062696E2044616D686F726522203C746974692E77616E6773612E64616D686F726540746162756B2D746563682E636F6D3E',X'6D61696C',X'6161206262206363','2013-02-18 21:56:56',X'6F72672E737072696E676672616D65776F726B2E6D61696C2E4D61696C53656E64457863657074696F6E3A204661696C6564206D657373616765733A20636F6D2E73756E2E6D61696C2E736D74702E534D545053656E644661696C6564457863657074696F6E3A20353534205472616E73616374696F6E206661696C65643A204D697373696E672066696E616C202740646F6D61696E270A3B206D65737361676520657863657074696F6E7320283129206172653A0A4661696C6564206D65737361676520313A20636F6D2E73756E2E6D61696C2E736D74702E534D545053656E644661696C6564457863657074696F6E3A20353534205472616E73616374696F6E206661696C65643A204D697373696E672066696E616C202740646F6D61696E270A'),
	(7,X'696E62616E',X'22546974692057616E6773612062696E2044616D686F726522203C746974692E77616E6773612E64616D686F726540746162756B2D746563682E636F6D3E',X'6D61696C',X'6161206262206363','2013-02-18 22:01:18',X'6F72672E737072696E676672616D65776F726B2E6D61696C2E4D61696C53656E64457863657074696F6E3A204661696C656420746F20636C6F73652073657276657220636F6E6E656374696F6E206166746572206D657373616765206661696C757265733B206E657374656420657863657074696F6E206973206A617661782E6D61696C2E4D6573736167696E67457863657074696F6E3A2043616E27742073656E6420636F6D6D616E6420746F20534D545020686F73743B0A20206E657374656420657863657074696F6E2069733A0A096A6176612E6E65742E536F636B6574457863657074696F6E3A20436F6E6E656374696F6E20636C6F7365642062792072656D6F746520686F73742E204661696C6564206D657373616765733A20636F6D2E73756E2E6D61696C2E736D74702E534D545053656E644661696C6564457863657074696F6E3A203432312054696D656F75742077616974696E6720666F7220646174612066726F6D20636C69656E742E0A3B206D65737361676520657863657074696F6E7320283129206172653A0A4661696C6564206D65737361676520313A20636F6D2E73756E2E6D61696C2E736D74702E534D545053656E644661696C6564457863657074696F6E3A203432312054696D656F75742077616974696E6720666F7220646174612066726F6D20636C69656E742E0A'),
	(8,X'696E62616E',X'22546974692057616E6773612062696E2044616D686F726522203C746974692E77616E6773612E64616D686F726540746162756B2D746563682E636F6D3E',X'6D61696C',X'6161206262206363','2013-02-18 22:01:48',NULL),
	(9,X'696E62616E',X'22546974692057616E6773612062696E2044616D686F726522203C746974692E77616E6773612E64616D686F726540746162756B2D746563682E636F6D3E',X'6D61696C',X'6161206262206363206464','2013-02-18 22:02:08',NULL);

/*!40000 ALTER TABLE `falcon_message_log` ENABLE KEYS */;
UNLOCK TABLES;


# Dump of table falcon_patron
# ------------------------------------------------------------

LOCK TABLES `falcon_patron` WRITE;
/*!40000 ALTER TABLE `falcon_patron` DISABLE KEYS */;

INSERT INTO `falcon_patron` (`id`, `patron`, `admin`)
VALUES
	(7,X'696E62616E',X'7469746977616E677361'),
	(8,X'7368616E6B6172',X'7469746977616E677361'),
	(9,X'68656C6D79',X'7469746977616E677361');

/*!40000 ALTER TABLE `falcon_patron` ENABLE KEYS */;
UNLOCK TABLES;


# Dump of table falcon_role
# ------------------------------------------------------------

LOCK TABLES `falcon_role` WRITE;
/*!40000 ALTER TABLE `falcon_role` DISABLE KEYS */;

INSERT INTO `falcon_role` (`role_name`)
VALUES
	(X'524F4C455F41444D494E'),
	(X'524F4C455F504154524F4E'),
	(X'524F4C455F55534552');

/*!40000 ALTER TABLE `falcon_role` ENABLE KEYS */;
UNLOCK TABLES;


# Dump of table falcon_service
# ------------------------------------------------------------

LOCK TABLES `falcon_service` WRITE;
/*!40000 ALTER TABLE `falcon_service` DISABLE KEYS */;

INSERT INTO `falcon_service` (`id`, `name`, `admin`)
VALUES
	(1,X'536572766963652031',X'7469746977616E677361'),
	(3,X'536572767563652032',X'7469746977616E677361'),
	(4,X'74657374207365727669636520',X'7469746977616E677361'),
	(5,X'636865636B207570',X'7469746977616E677361'),
	(6,X'74657374206D792073657276',X'7469746977616E677361'),
	(7,X'7365727669636520696E6E6572',X'7469746977616E677361'),
	(8,X'67646764',X'7469746977616E677361');

/*!40000 ALTER TABLE `falcon_service` ENABLE KEYS */;
UNLOCK TABLES;


# Dump of table falcon_staff
# ------------------------------------------------------------

LOCK TABLES `falcon_staff` WRITE;
/*!40000 ALTER TABLE `falcon_staff` DISABLE KEYS */;

INSERT INTO `falcon_staff` (`id`, `name`, `nric`, `admin`, `hp_tel`, `email`, `send_sms`, `send_email`, `valid`)
VALUES
	(1,X'4E696E69204D6172696E61',X'383530313031323335303636',X'7469746977616E677361','0102345672','nini@tabuk-tech.com',1,0,1),
	(4,X'5368696D61207368697061',X'373931313135303235303935',X'7469746977616E677361','0192612624','test@nowhere.com',1,0,1),
	(12,X'746974692077616E677361',X'37393131323331323331323331',X'7469746977616E677361','2893748927427','1ahakjkhf',1,1,1),
	(13,X'546974692077616E677361',X'31323930333831303833',X'7469746977616E677361','123211','qwea@adsasda.com',1,1,1);

/*!40000 ALTER TABLE `falcon_staff` ENABLE KEYS */;
UNLOCK TABLES;


# Dump of table falcon_user
# ------------------------------------------------------------

LOCK TABLES `falcon_user` WRITE;
/*!40000 ALTER TABLE `falcon_user` DISABLE KEYS */;

INSERT INTO `falcon_user` (`username`, `password`, `name`, `email`, `phone`, `nric`, `send_sms`, `send_email`)
VALUES
	(X'62757474657262756E',X'63343264616438636433663437346465346132316635306338306330343332363933383033376364373466306164666366613531633339663330326261323736',X'42757474657262756E2055736572',X'62757474657262756E4061707269732D736F6C7574696F6E732E636F6D',X'3630313233333233323333',X'383030313130313234303836',NULL,NULL),
	(X'68656C6D79',X'63623166626261623437386634303239643835346265323063306232316261366266326536376133',X'68656C6D7920697162616C',X'6E6F776865726540676D61696C2E636F6D',X'3630313333333333333333',X'383030313130313234303837',1,1),
	(X'696E62616E',X'35373237633633363364393166636338306139386632326137343863393566626139366363396533393131306132336239613338653665613531303437366362',X'496E62616E20497979616475726169',X'696E62616E2E6979796164757261694061707269732D736F6C7574696F6E732E636F6D',X'3630313233363834313234',X'383030313130313234303834',NULL,NULL),
	(X'6D656C69737361',X'66303932643461633237633331653033656562643830623836333466396436326361383864633232363362333832383631333734643439393261336565633230',X'4D656C69737361',X'6D656C697373614061707269732D736F6C7574696F6E732E636F6D',X'3630313232323232323232',X'383030313130313234303831',NULL,NULL),
	(X'7368616E6B6172',X'63646139386135323961326364616331656333623036376335366666633163613137636435373234353135623165366639356366656361333833623462613662',X'5368616E6B6172204B726973686E616E',X'7368616E6B61722E6B726973686E616E4061707269732D736F6C7574696F6E732E636F6D',X'3630313636383834343031',X'383030313130313234303930',NULL,NULL),
	(X'7469746977616E677361',X'62623133333830303865373138306235623832343638383465386333376565633961633838363966636364333334306133316539636636376233373566643665',X'546974692057616E6773612062696E2044616D686F7265',X'746974692E77616E6773612E64616D686F726540746162756B2D746563682E636F6D',X'3630313933303132363234',X'383030313130313235303837',NULL,NULL);

/*!40000 ALTER TABLE `falcon_user` ENABLE KEYS */;
UNLOCK TABLES;


# Dump of table falcon_user_role
# ------------------------------------------------------------

LOCK TABLES `falcon_user_role` WRITE;
/*!40000 ALTER TABLE `falcon_user_role` DISABLE KEYS */;

INSERT INTO `falcon_user_role` (`id`, `username`, `rolename`)
VALUES
	(4,X'62757474657262756E',X'524F4C455F504154524F4E'),
	(5,X'696E62616E',X'524F4C455F504154524F4E'),
	(1,X'696E62616E',X'524F4C455F55534552'),
	(8,X'7368616E6B6172',X'524F4C455F504154524F4E'),
	(7,X'7368616E6B6172',X'524F4C455F55534552'),
	(2,X'7469746977616E677361',X'524F4C455F41444D494E'),
	(3,X'7469746977616E677361',X'524F4C455F55534552');

/*!40000 ALTER TABLE `falcon_user_role` ENABLE KEYS */;
UNLOCK TABLES;



/*!40111 SET SQL_NOTES=@OLD_SQL_NOTES */;
/*!40101 SET SQL_MODE=@OLD_SQL_MODE */;
/*!40014 SET FOREIGN_KEY_CHECKS=@OLD_FOREIGN_KEY_CHECKS */;
/*!40101 SET CHARACTER_SET_CLIENT=@OLD_CHARACTER_SET_CLIENT */;
/*!40101 SET CHARACTER_SET_RESULTS=@OLD_CHARACTER_SET_RESULTS */;
/*!40101 SET COLLATION_CONNECTION=@OLD_COLLATION_CONNECTION */;
